n,seconds,counter,skipped
1,0.000005,2,0
10,0.000047,120,0
100,0.001857,17850,0
1000,0.249067,2505000,0
10000,0.000000,0,1
100000,0.000000,0,1
1000000,0.000000,0,1
