n,seconds,count
1,0.000001,0
10,0.000007,10
100,0.000023,100
1000,0.000377,1000
10000,0.002172,10000
100000,0.032038,100000
1000000,0.233400,1000000
