n,seconds,count
1,0.000003,0
10,0.000035,9
100,0.000252,825
1000,0.008779,83250
10000,0.660769,8332500
